-- MySQL dump 10.13  Distrib 5.7.17, for Win64 (x86_64)
--
-- Host: ix.cs.uoregon.edu    Database: seeds
-- ------------------------------------------------------
-- Server version	5.7.18

/*!40101 SET @OLD_CHARACTER_SET_CLIENT=@@CHARACTER_SET_CLIENT */;
/*!40101 SET @OLD_CHARACTER_SET_RESULTS=@@CHARACTER_SET_RESULTS */;
/*!40101 SET @OLD_COLLATION_CONNECTION=@@COLLATION_CONNECTION */;
/*!40101 SET NAMES utf8 */;
/*!40103 SET @OLD_TIME_ZONE=@@TIME_ZONE */;
/*!40103 SET TIME_ZONE='+00:00' */;
/*!40014 SET @OLD_UNIQUE_CHECKS=@@UNIQUE_CHECKS, UNIQUE_CHECKS=0 */;
/*!40014 SET @OLD_FOREIGN_KEY_CHECKS=@@FOREIGN_KEY_CHECKS, FOREIGN_KEY_CHECKS=0 */;
/*!40101 SET @OLD_SQL_MODE=@@SQL_MODE, SQL_MODE='NO_AUTO_VALUE_ON_ZERO' */;
/*!40111 SET @OLD_SQL_NOTES=@@SQL_NOTES, SQL_NOTES=0 */;

--
-- Table structure for table `ACTUAL_PROJECT`
--

DROP TABLE IF EXISTS `ACTUAL_PROJECT`;
/*!40101 SET @saved_cs_client     = @@character_set_client */;
/*!40101 SET character_set_client = utf8 */;
CREATE TABLE `ACTUAL_PROJECT` (
  `ACTUAL_PROJECT_ID` int(11) NOT NULL AUTO_INCREMENT,
  `START` date DEFAULT NULL,
  `END` date DEFAULT NULL,
  `PROJECT_COST_ID` int(11) DEFAULT NULL,
  PRIMARY KEY (`ACTUAL_PROJECT_ID`),
  KEY `fk_ACTUAL_PROJECT_PROJECT_COST1_idx` (`PROJECT_COST_ID`),
  CONSTRAINT `fk_ACTUAL_PROJECT_PROJECT_COST1` FOREIGN KEY (`PROJECT_COST_ID`) REFERENCES `PROJECT_COST` (`PROJECT_COST_ID`) ON DELETE NO ACTION ON UPDATE NO ACTION
) ENGINE=InnoDB AUTO_INCREMENT=2 DEFAULT CHARSET=utf8;
/*!40101 SET character_set_client = @saved_cs_client */;

--
-- Dumping data for table `ACTUAL_PROJECT`
--

LOCK TABLES `ACTUAL_PROJECT` WRITE;
/*!40000 ALTER TABLE `ACTUAL_PROJECT` DISABLE KEYS */;
INSERT INTO `ACTUAL_PROJECT` VALUES (1,NULL,NULL,1);
/*!40000 ALTER TABLE `ACTUAL_PROJECT` ENABLE KEYS */;
UNLOCK TABLES;

--
-- Table structure for table `ASSIGNMENT`
--

DROP TABLE IF EXISTS `ASSIGNMENT`;
/*!40101 SET @saved_cs_client     = @@character_set_client */;
/*!40101 SET character_set_client = utf8 */;
CREATE TABLE `ASSIGNMENT` (
  `ASSIGNMENT_ID` int(11) NOT NULL,
  `START_DATE` varchar(45) NOT NULL,
  `END_DATE` varchar(45) DEFAULT NULL,
  `TASK_ID` int(11) NOT NULL,
  `EMPLOYEE_ID` int(11) NOT NULL,
  PRIMARY KEY (`ASSIGNMENT_ID`),
  KEY `fk_EMPLOYEE_has_TASK_TASK1_idx` (`TASK_ID`),
  KEY `fk_ASSIGNMENT_EMPLOYEE1_idx` (`EMPLOYEE_ID`),
  CONSTRAINT `fk_ASSIGNMENT_EMPLOYEE1` FOREIGN KEY (`EMPLOYEE_ID`) REFERENCES `EMPLOYEE` (`EMPLOYEE_ID`) ON DELETE NO ACTION ON UPDATE NO ACTION,
  CONSTRAINT `fk_EMPLOYEE_has_TASK_TASK1` FOREIGN KEY (`TASK_ID`) REFERENCES `TASK` (`TASK_ID`) ON DELETE NO ACTION ON UPDATE NO ACTION
) ENGINE=InnoDB DEFAULT CHARSET=utf8;
/*!40101 SET character_set_client = @saved_cs_client */;

--
-- Dumping data for table `ASSIGNMENT`
--

LOCK TABLES `ASSIGNMENT` WRITE;
/*!40000 ALTER TABLE `ASSIGNMENT` DISABLE KEYS */;
INSERT INTO `ASSIGNMENT` VALUES (101,'16-3-1','16-3-6',201,280),(102,'16-3-1','16-3-6',201,262),(103,'16-3-1','16-3-6',201,264),(104,'16-3-11','16-3-14',202,264),(105,'16-3-11',NULL,203,262),(106,'16-3-11',NULL,203,259),(107,'16-3-11',NULL,203,260),(108,'16-3-15','16-3-19',204,271),(109,'16-3-21',NULL,205,268),(110,'16-3-21',NULL,205,269),(111,'16-3-21',NULL,205,267),(112,'16-3-21',NULL,205,271),(113,'16-3-25',NULL,206,275);
/*!40000 ALTER TABLE `ASSIGNMENT` ENABLE KEYS */;
UNLOCK TABLES;

--
-- Table structure for table `BILL`
--

DROP TABLE IF EXISTS `BILL`;
/*!40101 SET @saved_cs_client     = @@character_set_client */;
/*!40101 SET character_set_client = utf8 */;
CREATE TABLE `BILL` (
  `BILL_NUMBER` int(11) NOT NULL AUTO_INCREMENT,
  `BILL_DESCRIPTION` int(11) NOT NULL,
  `PROJECT_COST_ID` int(11) DEFAULT NULL,
  `WORK_LOG_WORK__LOG_ID` int(11) NOT NULL,
  PRIMARY KEY (`BILL_NUMBER`),
  KEY `fk_BILL_PROJECT_COST1_idx` (`PROJECT_COST_ID`),
  KEY `fk_BILL_WORK_LOG1_idx` (`WORK_LOG_WORK__LOG_ID`),
  CONSTRAINT `fk_BILL_PROJECT_COST1` FOREIGN KEY (`PROJECT_COST_ID`) REFERENCES `PROJECT_COST` (`PROJECT_COST_ID`) ON DELETE NO ACTION ON UPDATE NO ACTION,
  CONSTRAINT `fk_BILL_WORK_LOG1` FOREIGN KEY (`WORK_LOG_WORK__LOG_ID`) REFERENCES `WORK_LOG` (`WORK__LOG_ID`) ON DELETE NO ACTION ON UPDATE NO ACTION
) ENGINE=InnoDB AUTO_INCREMENT=4425 DEFAULT CHARSET=utf8;
/*!40101 SET character_set_client = @saved_cs_client */;

--
-- Dumping data for table `BILL`
--

LOCK TABLES `BILL` WRITE;
/*!40000 ALTER TABLE `BILL` DISABLE KEYS */;
INSERT INTO `BILL` VALUES (4420,2000,1,1),(4421,2000,1,2),(4422,2000,1,3),(4423,3000,1,4),(4424,5000,1,5);
/*!40000 ALTER TABLE `BILL` ENABLE KEYS */;
UNLOCK TABLES;

--
-- Table structure for table `CUSTOMER`
--

DROP TABLE IF EXISTS `CUSTOMER`;
/*!40101 SET @saved_cs_client     = @@character_set_client */;
/*!40101 SET character_set_client = utf8 */;
CREATE TABLE `CUSTOMER` (
  `CUSTOMER_ID` int(11) NOT NULL,
  `CUSTOMER_NAME` varchar(45) NOT NULL,
  `PHONE_NUMBER` varchar(45) DEFAULT NULL,
  `REGION_ID` int(11) NOT NULL,
  PRIMARY KEY (`CUSTOMER_ID`),
  KEY `fk_CUSTOMER_REGION2_idx` (`REGION_ID`),
  CONSTRAINT `fk_CUSTOMER_REGION2` FOREIGN KEY (`REGION_ID`) REFERENCES `REGION` (`REGION_ID`) ON DELETE NO ACTION ON UPDATE NO ACTION
) ENGINE=InnoDB DEFAULT CHARSET=utf8;
/*!40101 SET character_set_client = @saved_cs_client */;

--
-- Dumping data for table `CUSTOMER`
--

LOCK TABLES `CUSTOMER` WRITE;
/*!40000 ALTER TABLE `CUSTOMER` DISABLE KEYS */;
INSERT INTO `CUSTOMER` VALUES (1101,'SEE ROCKS',NULL,1);
/*!40000 ALTER TABLE `CUSTOMER` ENABLE KEYS */;
UNLOCK TABLES;

--
-- Table structure for table `EMPLOYEE`
--

DROP TABLE IF EXISTS `EMPLOYEE`;
/*!40101 SET @saved_cs_client     = @@character_set_client */;
/*!40101 SET character_set_client = utf8 */;
CREATE TABLE `EMPLOYEE` (
  `EMPLOYEE_ID` int(11) NOT NULL AUTO_INCREMENT,
  `EMPLOYEE_LNAME` varchar(45) NOT NULL,
  `EMPLOYEE_FNAME` varchar(45) CHARACTER SET utf8 COLLATE utf8_bin NOT NULL,
  `EMPLOYEE_MINITIAL` varchar(45) DEFAULT NULL,
  `DATE_HIRE` date DEFAULT NULL,
  `REGION_ID` int(11) NOT NULL,
  PRIMARY KEY (`EMPLOYEE_ID`),
  KEY `fk_EMPLOYEE_REGION1_idx` (`REGION_ID`),
  CONSTRAINT `fk_EMPLOYEE_REGION1` FOREIGN KEY (`REGION_ID`) REFERENCES `REGION` (`REGION_ID`) ON DELETE NO ACTION ON UPDATE NO ACTION
) ENGINE=InnoDB AUTO_INCREMENT=2001 DEFAULT CHARSET=utf8;
/*!40101 SET character_set_client = @saved_cs_client */;

--
-- Dumping data for table `EMPLOYEE`
--

LOCK TABLES `EMPLOYEE` WRITE;
/*!40000 ALTER TABLE `EMPLOYEE` DISABLE KEYS */;
INSERT INTO `EMPLOYEE` VALUES (254,'Williams','Josh','B',NULL,5),(255,'Underwood','Trish','C',NULL,2),(256,'Craig','Brett','D',NULL,6),(257,'Sewell','Beth','A',NULL,6),(258,'Robbins','Erin','B',NULL,3),(259,'Bush','Emily','C',NULL,4),(260,'Zebras','Steve','D',NULL,4),(261,'Chandler','Joseph','A',NULL,5),(262,'Burklow','Shane','Z',NULL,6),(263,'Yarbrough','Peter','G',NULL,1),(264,'Smith','Mary','T',NULL,1),(265,'Pascoe','Jonathan','R',NULL,6),(266,'Kattan','Chris','E',NULL,2),(267,'Ephanor','Victor','E',NULL,3),(268,'Summers','Anna','D',NULL,3),(269,'Ellis','Maria','D',NULL,6),(270,'Batts','Mellisa','C',NULL,4),(271,'Smith','Jose','B',NULL,5),(272,'Bible','Hanah','A',NULL,5),(273,'Newton','Christopher','S',NULL,6),(274,'Duarte','Miriam','S',NULL,1),(275,'Kilby','Surgena','T',NULL,2),(276,'Bender','Larry','R',NULL,2),(277,'Paine','Brad','R',NULL,6),(278,'Mudd','Roger','E',NULL,3),(279,'Kenyon','Tiffany','Q',NULL,4),(280,'Connor','Sean','W',NULL,6),(281,'Rogers','Adam','F',NULL,5),(282,'Seaton','Amy','F',NULL,1),(283,'Cope','Leslie','G',NULL,3);
/*!40000 ALTER TABLE `EMPLOYEE` ENABLE KEYS */;
UNLOCK TABLES;

--
-- Table structure for table `EMPLOYEE_SKILL`
--

DROP TABLE IF EXISTS `EMPLOYEE_SKILL`;
/*!40101 SET @saved_cs_client     = @@character_set_client */;
/*!40101 SET character_set_client = utf8 */;
CREATE TABLE `EMPLOYEE_SKILL` (
  `EMPLOYEE_ID` int(11) NOT NULL,
  `SKILL_ID` int(11) NOT NULL,
  PRIMARY KEY (`EMPLOYEE_ID`,`SKILL_ID`),
  KEY `fk_EMPLOYEE_has_SKILL_SKILL2_idx` (`SKILL_ID`),
  KEY `fk_EMPLOYEE_has_SKILL_EMPLOYEE2_idx` (`EMPLOYEE_ID`),
  CONSTRAINT `fk_EMPLOYEE_has_SKILL_EMPLOYEE2` FOREIGN KEY (`EMPLOYEE_ID`) REFERENCES `EMPLOYEE` (`EMPLOYEE_ID`) ON DELETE NO ACTION ON UPDATE NO ACTION,
  CONSTRAINT `fk_EMPLOYEE_has_SKILL_SKILL2` FOREIGN KEY (`SKILL_ID`) REFERENCES `SKILL` (`SKILL_ID`) ON DELETE NO ACTION ON UPDATE NO ACTION
) ENGINE=InnoDB DEFAULT CHARSET=utf8;
/*!40101 SET character_set_client = @saved_cs_client */;

--
-- Dumping data for table `EMPLOYEE_SKILL`
--

LOCK TABLES `EMPLOYEE_SKILL` WRITE;
/*!40000 ALTER TABLE `EMPLOYEE_SKILL` DISABLE KEYS */;
INSERT INTO `EMPLOYEE_SKILL` VALUES (254,1),(255,1),(282,1),(254,2),(282,2),(256,3),(257,3),(258,3),(259,3),(260,3),(258,4),(261,4),(262,4),(263,5),(264,5),(263,6),(265,6),(266,7),(267,7),(268,7),(269,7),(266,8),(267,8),(270,8),(271,9),(283,9),(272,10),(260,11),(269,11),(260,12),(273,12),(259,13),(274,13),(259,14),(273,14),(259,15),(274,15),(273,16),(274,16),(265,17),(271,17),(263,18),(271,18),(259,19),(264,19),(259,20),(264,20),(259,21),(264,21),(273,21),(275,22),(276,22),(277,23),(278,23),(279,23),(280,23);
/*!40000 ALTER TABLE `EMPLOYEE_SKILL` ENABLE KEYS */;
UNLOCK TABLES;

--
-- Table structure for table `ESTIMATE_PROJECT`
--

DROP TABLE IF EXISTS `ESTIMATE_PROJECT`;
/*!40101 SET @saved_cs_client     = @@character_set_client */;
/*!40101 SET character_set_client = utf8 */;
CREATE TABLE `ESTIMATE_PROJECT` (
  `ESTIMATE_PROJECT_ID` int(11) NOT NULL AUTO_INCREMENT,
  `START_DATE` date NOT NULL,
  `END_DATE` date NOT NULL,
  `BUDGET` int(11) NOT NULL,
  PRIMARY KEY (`ESTIMATE_PROJECT_ID`)
) ENGINE=InnoDB AUTO_INCREMENT=2 DEFAULT CHARSET=utf8;
/*!40101 SET character_set_client = @saved_cs_client */;

--
-- Dumping data for table `ESTIMATE_PROJECT`
--

LOCK TABLES `ESTIMATE_PROJECT` WRITE;
/*!40000 ALTER TABLE `ESTIMATE_PROJECT` DISABLE KEYS */;
INSERT INTO `ESTIMATE_PROJECT` VALUES (1,'2016-03-01','2016-07-01',15500);
/*!40000 ALTER TABLE `ESTIMATE_PROJECT` ENABLE KEYS */;
UNLOCK TABLES;

--
-- Table structure for table `PROJECT`
--

DROP TABLE IF EXISTS `PROJECT`;
/*!40101 SET @saved_cs_client     = @@character_set_client */;
/*!40101 SET character_set_client = utf8 */;
CREATE TABLE `PROJECT` (
  `PROJECT_ID` int(11) NOT NULL AUTO_INCREMENT,
  `PROJECT_DESCRIPTION` varchar(45) NOT NULL,
  `PROJECT_SIGNED` date NOT NULL,
  `ESTIMATE_PROJECT_ID` int(11) NOT NULL,
  `ACTUAL_PROJECT_ID` int(11) DEFAULT NULL,
  `EMPLOYEE_ID` int(11) NOT NULL,
  `CUSTOMER_ID` int(11) NOT NULL,
  PRIMARY KEY (`PROJECT_ID`),
  KEY `fk_PROJECT_ESTIMATE_PROJECT1_idx` (`ESTIMATE_PROJECT_ID`),
  KEY `fk_PROJECT_ACTUAL_PROJECT1_idx` (`ACTUAL_PROJECT_ID`),
  KEY `fk_PROJECT_EMPLOYEE1_idx` (`EMPLOYEE_ID`),
  KEY `fk_PROJECT_CUSTOMER1_idx` (`CUSTOMER_ID`),
  CONSTRAINT `fk_PROJECT_ACTUAL_PROJECT1` FOREIGN KEY (`ACTUAL_PROJECT_ID`) REFERENCES `ACTUAL_PROJECT` (`ACTUAL_PROJECT_ID`) ON DELETE NO ACTION ON UPDATE NO ACTION,
  CONSTRAINT `fk_PROJECT_CUSTOMER1` FOREIGN KEY (`CUSTOMER_ID`) REFERENCES `CUSTOMER` (`CUSTOMER_ID`) ON DELETE NO ACTION ON UPDATE NO ACTION,
  CONSTRAINT `fk_PROJECT_EMPLOYEE1` FOREIGN KEY (`EMPLOYEE_ID`) REFERENCES `EMPLOYEE` (`EMPLOYEE_ID`) ON DELETE NO ACTION ON UPDATE NO ACTION,
  CONSTRAINT `fk_PROJECT_ESTIMATE_PROJECT1` FOREIGN KEY (`ESTIMATE_PROJECT_ID`) REFERENCES `ESTIMATE_PROJECT` (`ESTIMATE_PROJECT_ID`) ON DELETE NO ACTION ON UPDATE NO ACTION
) ENGINE=InnoDB AUTO_INCREMENT=2 DEFAULT CHARSET=utf8;
/*!40101 SET character_set_client = @saved_cs_client */;

--
-- Dumping data for table `PROJECT`
--

LOCK TABLES `PROJECT` WRITE;
/*!40000 ALTER TABLE `PROJECT` DISABLE KEYS */;
INSERT INTO `PROJECT` VALUES (1,'SALES MANAGEMENT SYSTEM','2016-02-12',1,1,280,1101);
/*!40000 ALTER TABLE `PROJECT` ENABLE KEYS */;
UNLOCK TABLES;

--
-- Table structure for table `PROJECT_COST`
--

DROP TABLE IF EXISTS `PROJECT_COST`;
/*!40101 SET @saved_cs_client     = @@character_set_client */;
/*!40101 SET character_set_client = utf8 */;
CREATE TABLE `PROJECT_COST` (
  `PROJECT_COST_ID` int(11) NOT NULL AUTO_INCREMENT,
  `WEEKLY_TOTAL` decimal(10,0) NOT NULL,
  PRIMARY KEY (`PROJECT_COST_ID`)
) ENGINE=InnoDB AUTO_INCREMENT=2 DEFAULT CHARSET=utf8;
/*!40101 SET character_set_client = @saved_cs_client */;

--
-- Dumping data for table `PROJECT_COST`
--

LOCK TABLES `PROJECT_COST` WRITE;
/*!40000 ALTER TABLE `PROJECT_COST` DISABLE KEYS */;
INSERT INTO `PROJECT_COST` VALUES (1,100);
/*!40000 ALTER TABLE `PROJECT_COST` ENABLE KEYS */;
UNLOCK TABLES;

--
-- Table structure for table `PROJECT_SCHEDULE`
--

DROP TABLE IF EXISTS `PROJECT_SCHEDULE`;
/*!40101 SET @saved_cs_client     = @@character_set_client */;
/*!40101 SET character_set_client = utf8 */;
CREATE TABLE `PROJECT_SCHEDULE` (
  `PROJECT_SCHEDULE_ID` int(11) NOT NULL AUTO_INCREMENT,
  `PROJECT_ID` int(11) NOT NULL,
  PRIMARY KEY (`PROJECT_SCHEDULE_ID`),
  KEY `fk_PROJECT_SCHEDULE_PROJECT1_idx` (`PROJECT_ID`),
  CONSTRAINT `fk_PROJECT_SCHEDULE_PROJECT1` FOREIGN KEY (`PROJECT_ID`) REFERENCES `PROJECT` (`PROJECT_ID`) ON DELETE NO ACTION ON UPDATE NO ACTION
) ENGINE=InnoDB AUTO_INCREMENT=151 DEFAULT CHARSET=utf8;
/*!40101 SET character_set_client = @saved_cs_client */;

--
-- Dumping data for table `PROJECT_SCHEDULE`
--

LOCK TABLES `PROJECT_SCHEDULE` WRITE;
/*!40000 ALTER TABLE `PROJECT_SCHEDULE` DISABLE KEYS */;
INSERT INTO `PROJECT_SCHEDULE` VALUES (150,1);
/*!40000 ALTER TABLE `PROJECT_SCHEDULE` ENABLE KEYS */;
UNLOCK TABLES;

--
-- Table structure for table `REGION`
--

DROP TABLE IF EXISTS `REGION`;
/*!40101 SET @saved_cs_client     = @@character_set_client */;
/*!40101 SET character_set_client = utf8 */;
CREATE TABLE `REGION` (
  `REGION_ID` int(11) NOT NULL AUTO_INCREMENT,
  `REGION_DESCRIPTION` varchar(45) NOT NULL,
  PRIMARY KEY (`REGION_ID`)
) ENGINE=InnoDB AUTO_INCREMENT=8 DEFAULT CHARSET=utf8;
/*!40101 SET character_set_client = @saved_cs_client */;

--
-- Dumping data for table `REGION`
--

LOCK TABLES `REGION` WRITE;
/*!40000 ALTER TABLE `REGION` DISABLE KEYS */;
INSERT INTO `REGION` VALUES (1,'NW'),(2,'SW'),(3,'MN'),(4,'MS'),(5,'NE'),(6,'SE');
/*!40000 ALTER TABLE `REGION` ENABLE KEYS */;
UNLOCK TABLES;

--
-- Table structure for table `SKILL`
--

DROP TABLE IF EXISTS `SKILL`;
/*!40101 SET @saved_cs_client     = @@character_set_client */;
/*!40101 SET character_set_client = utf8 */;
CREATE TABLE `SKILL` (
  `SKILL_ID` int(11) NOT NULL AUTO_INCREMENT,
  `SKILL_DESCRIPTION` varchar(45) NOT NULL,
  `PAY_RATE` varchar(45) DEFAULT NULL,
  PRIMARY KEY (`SKILL_ID`)
) ENGINE=InnoDB AUTO_INCREMENT=24 DEFAULT CHARSET=utf8;
/*!40101 SET character_set_client = @saved_cs_client */;

--
-- Dumping data for table `SKILL`
--

LOCK TABLES `SKILL` WRITE;
/*!40000 ALTER TABLE `SKILL` DISABLE KEYS */;
INSERT INTO `SKILL` VALUES (1,'Data Entry I',NULL),(2,'Data Entry II',NULL),(3,'System Analyst I',NULL),(4,'System Analyst II',NULL),(5,'DB Designer I',NULL),(6,'DB Designer II',NULL),(7,'Cobol I',NULL),(8,'Cobol II',NULL),(9,'C++ I',NULL),(10,'C++ II',NULL),(11,'VB I',NULL),(12,'CB II',NULL),(13,'ColdFusion I',NULL),(14,'ColdFusion II',NULL),(15,'ASP I',NULL),(16,'ASP II',NULL),(17,'Orcale DBA',NULL),(18,'SQL Server DBA',NULL),(19,'Network Engineer I',NULL),(20,'Network Engineer II',NULL),(21,'Web Administrator',NULL),(22,'Technical Writer',NULL),(23,'Project Manager',NULL);
/*!40000 ALTER TABLE `SKILL` ENABLE KEYS */;
UNLOCK TABLES;

--
-- Table structure for table `SKILL_REQUIRED`
--

DROP TABLE IF EXISTS `SKILL_REQUIRED`;
/*!40101 SET @saved_cs_client     = @@character_set_client */;
/*!40101 SET character_set_client = utf8 */;
CREATE TABLE `SKILL_REQUIRED` (
  `TASK_ID` int(11) NOT NULL,
  `SKILL_ID` int(11) NOT NULL,
  `QUANTITY` varchar(45) NOT NULL,
  PRIMARY KEY (`TASK_ID`,`SKILL_ID`),
  KEY `fk_TASK_has_SKILL_SKILL1_idx` (`SKILL_ID`),
  KEY `fk_TASK_has_SKILL_TASK1_idx` (`TASK_ID`),
  CONSTRAINT `fk_TASK_has_SKILL_SKILL1` FOREIGN KEY (`SKILL_ID`) REFERENCES `SKILL` (`SKILL_ID`) ON DELETE NO ACTION ON UPDATE NO ACTION,
  CONSTRAINT `fk_TASK_has_SKILL_TASK1` FOREIGN KEY (`TASK_ID`) REFERENCES `TASK` (`TASK_ID`) ON DELETE NO ACTION ON UPDATE NO ACTION
) ENGINE=InnoDB DEFAULT CHARSET=utf8;
/*!40101 SET character_set_client = @saved_cs_client */;

--
-- Dumping data for table `SKILL_REQUIRED`
--

LOCK TABLES `SKILL_REQUIRED` WRITE;
/*!40000 ALTER TABLE `SKILL_REQUIRED` DISABLE KEYS */;
INSERT INTO `SKILL_REQUIRED` VALUES (201,4,'1'),(201,5,'1'),(201,23,'1'),(202,5,'1'),(203,3,'2'),(203,4,'1'),(204,17,'1'),(205,7,'2'),(205,8,'1'),(205,17,'1'),(206,22,'1'),(207,4,'1'),(207,5,'1'),(207,8,'1'),(207,23,'1'),(208,4,'1'),(208,5,'1'),(208,8,'1'),(208,23,'1'),(209,23,'1');
/*!40000 ALTER TABLE `SKILL_REQUIRED` ENABLE KEYS */;
UNLOCK TABLES;

--
-- Table structure for table `TASK`
--

DROP TABLE IF EXISTS `TASK`;
/*!40101 SET @saved_cs_client     = @@character_set_client */;
/*!40101 SET character_set_client = utf8 */;
CREATE TABLE `TASK` (
  `TASK_ID` int(11) NOT NULL AUTO_INCREMENT,
  `TASK_DESCRIPTION` varchar(45) NOT NULL,
  `TASK_START` date NOT NULL,
  `TASK_END` date NOT NULL,
  `PROJECT_SCHEDULE_ID` int(11) NOT NULL,
  PRIMARY KEY (`TASK_ID`),
  KEY `fk_TASK_PROJECT_SCHEDULE1_idx` (`PROJECT_SCHEDULE_ID`),
  CONSTRAINT `fk_TASK_PROJECT_SCHEDULE1` FOREIGN KEY (`PROJECT_SCHEDULE_ID`) REFERENCES `PROJECT_SCHEDULE` (`PROJECT_SCHEDULE_ID`) ON DELETE NO ACTION ON UPDATE NO ACTION
) ENGINE=InnoDB AUTO_INCREMENT=210 DEFAULT CHARSET=utf8;
/*!40101 SET character_set_client = @saved_cs_client */;

--
-- Dumping data for table `TASK`
--

LOCK TABLES `TASK` WRITE;
/*!40000 ALTER TABLE `TASK` DISABLE KEYS */;
INSERT INTO `TASK` VALUES (201,'Initial Interview','2016-03-01','2016-03-06',150),(202,'Database Design','2016-03-11','2016-03-15',150),(203,'System Design','2016-03-11','2016-04-12',150),(204,'Database Implementation','2016-03-18','2016-03-22',150),(205,'System coding and testing','2016-03-25','2016-05-20',150),(206,'System Documentation','2016-03-25','2016-06-07',150),(207,'Final evaluation','2016-06-10','2016-06-14',150),(208,'On-site System Online and Data Loading','2016-06-17','2016-06-21',150),(209,'Sign-off','2016-07-01','2016-07-01',150);
/*!40000 ALTER TABLE `TASK` ENABLE KEYS */;
UNLOCK TABLES;

--
-- Table structure for table `WORK_LOG`
--

DROP TABLE IF EXISTS `WORK_LOG`;
/*!40101 SET @saved_cs_client     = @@character_set_client */;
/*!40101 SET character_set_client = utf8 */;
CREATE TABLE `WORK_LOG` (
  `WORK__LOG_ID` int(11) NOT NULL AUTO_INCREMENT,
  `TOTAL_HOUR` int(11) NOT NULL,
  `WEEK_END` date NOT NULL,
  `ASSIGNMENT_ID` int(11) NOT NULL,
  PRIMARY KEY (`WORK__LOG_ID`),
  KEY `fk_WORK_HOUR_ASSIGNMENT1_idx` (`ASSIGNMENT_ID`),
  CONSTRAINT `fk_WORK_HOUR_ASSIGNMENT1` FOREIGN KEY (`ASSIGNMENT_ID`) REFERENCES `ASSIGNMENT` (`ASSIGNMENT_ID`) ON DELETE NO ACTION ON UPDATE NO ACTION
) ENGINE=InnoDB AUTO_INCREMENT=6 DEFAULT CHARSET=utf8;
/*!40101 SET character_set_client = @saved_cs_client */;

--
-- Dumping data for table `WORK_LOG`
--

LOCK TABLES `WORK_LOG` WRITE;
/*!40000 ALTER TABLE `WORK_LOG` DISABLE KEYS */;
INSERT INTO `WORK_LOG` VALUES (1,4,'2016-03-01',102),(2,4,'2016-03-01',101),(3,4,'2016-03-01',103),(4,24,'2016-03-08',102),(5,40,'2016-03-15',105);
/*!40000 ALTER TABLE `WORK_LOG` ENABLE KEYS */;
UNLOCK TABLES;
/*!40103 SET TIME_ZONE=@OLD_TIME_ZONE */;

/*!40101 SET SQL_MODE=@OLD_SQL_MODE */;
/*!40014 SET FOREIGN_KEY_CHECKS=@OLD_FOREIGN_KEY_CHECKS */;
/*!40014 SET UNIQUE_CHECKS=@OLD_UNIQUE_CHECKS */;
/*!40101 SET CHARACTER_SET_CLIENT=@OLD_CHARACTER_SET_CLIENT */;
/*!40101 SET CHARACTER_SET_RESULTS=@OLD_CHARACTER_SET_RESULTS */;
/*!40101 SET COLLATION_CONNECTION=@OLD_COLLATION_CONNECTION */;
/*!40111 SET SQL_NOTES=@OLD_SQL_NOTES */;

-- Dump completed on 2017-11-20 22:31:32
